{
    "root_group": {
        "id": "d41d8cd98f00b204e9800998ecf8427e",
        "groups": {
            "front page": {
                "name": "front page",
                "path": "::front page",
                "id": "2a862ab29180e3b7d967a30f33eabbc6",
                "groups": {},
                "checks": {
                        "status is 200": {
                            "name": "status is 200",
                            "path": "::front page::status is 200",
                            "id": "9699ab7999ce9b2e054454d0c4409892",
                            "passes": 1783,
                            "fails": 4104
                        }
                    }
            }
        },
        "checks": {},
        "name": "",
        "path": ""
    },
    "metrics": {
        "http_req_connecting": {
            "p(90)": 134.37048000000001,
            "p(95)": 136.04904,
            "avg": 25.853561916086274,
            "min": 0,
            "med": 0,
            "max": 1215.416
        },
        "iteration_duration": {
            "avg": 1849.1914519449651,
            "min": 0.119,
            "med": 12.7506,
            "max": 17046.9066,
            "p(90)": 7344.614720000027,
            "p(95)": 9984.029009999997
        },
        "http_req_blocked": {
            "avg": 25.878900764396093,
            "min": 0,
            "med": 0,
            "max": 1215.562,
            "p(90)": 134.52045999999999,
            "p(95)": 136.1713
        },
        "http_req_duration{expected_response:true}": {
            "p(90)": 11859.91472,
            "p(95)": 14024.87839,
            "avg": 6002.069932192931,
            "min": 277.682,
            "med": 4989.5774,
            "max": 16909.7455
        },
        "data_received": {
            "count": 330962591,
            "rate": 14265592.520557018
        },
        "vus_max": {
            "value": 1100,
            "min": 1100,
            "max": 1100
        },
        "http_req_sending": {
            "p(90)": 0.11004000000000005,
            "p(95)": 0.14347,
            "avg": 0.027659283166298614,
            "min": 0,
            "med": 0,
            "max": 5.3866
        },
        "checks": {
            "passes": 1783,
            "fails": 4104,
            "value": 0.3028707321216239
        },
        "http_req_duration": {
            "avg": 1817.8513146084588,
            "min": 0,
            "med": 0,
            "max": 16909.7455,
            "p(90)": 7318.419940000005,
            "p(95)": 9927.207459999998
        },
        "http_req_tls_handshaking": {
            "min": 0,
            "med": 0,
            "max": 0,
            "p(90)": 0,
            "p(95)": 0,
            "avg": 0
        },
        "iterations": {
            "count": 5887,
            "rate": 253.74935250165225
        },
        "http_reqs": {
            "count": 5887,
            "rate": 253.74935250165225
        },
        "http_req_waiting": {
            "max": 14343.9208,
            "p(90)": 5091.938400000004,
            "p(95)": 7501.70011,
            "avg": 1383.7679436215394,
            "min": 0,
            "med": 0
        },
        "http_req_failed": {
            "passes": 4104,
            "fails": 1783,
            "value": 0.697129267878376
        },
        "group_duration": {
            "med": 12.7347,
            "max": 17046.8411,
            "p(90)": 7344.587380000026,
            "p(95)": 9983.972269999997,
            "avg": 1849.1626073721748,
            "min": 0.1058
        },
        "data_sent": {
            "count": 153338,
            "rate": 6609.379686410456
        },
        "vus": {
            "value": 1,
            "min": 1,
            "max": 1099
        },
        "http_req_receiving": {
            "p(95)": 3728.815979999998,
            "avg": 434.055711703754,
            "min": 0,
            "med": 0,
            "max": 10140.9354,
            "p(90)": 878.3655200000003
        }
    }
}