{
    "metrics": {
        "http_req_waiting": {
            "avg": 2800.376337788529,
            "min": 0,
            "med": 2574.1059999999998,
            "max": 23468.8593,
            "p(90)": 5032.317260000001,
            "p(95)": 6340.465089999999
        },
        "http_req_duration": {
            "avg": 2800.6834335968974,
            "min": 0,
            "med": 2574.2931,
            "max": 23469.0842,
            "p(90)": 5032.5726,
            "p(95)": 6340.824994999998
        },
        "http_req_blocked": {
            "p(95)": 0.0183,
            "avg": 0.46167905110623164,
            "min": 0,
            "med": 0.0045,
            "max": 1221.3955,
            "p(90)": 0.0076
        },
        "iteration_duration": {
            "avg": 2801.345762596711,
            "min": 138.8771,
            "med": 2574.9086500000003,
            "max": 23469.3166,
            "p(90)": 5033.25623,
            "p(95)": 6342.018714999995
        },
        "http_req_sending": {
            "avg": 0.16979187801260626,
            "min": 0,
            "med": 0.0343,
            "max": 6241.86,
            "p(90)": 0.0707,
            "p(95)": 0.0839
        },
        "data_received": {
            "rate": 629618.476039102,
            "count": 1138562048
        },
        "vus": {
            "value": 16,
            "min": 5,
            "max": 999
        },
        "checks": {
            "passes": 323639,
            "fails": 1,
            "value": 0.999996910147077
        },
        "iterations": {
            "count": 323640,
            "rate": 178.97111882768024
        },
        "http_req_duration{expected_response:true}": {
            "p(90)": 5032.573600000001,
            "p(95)": 6340.830389999997,
            "avg": 2800.69208732353,
            "min": 149.4702,
            "med": 2574.2979,
            "max": 23469.0842
        },
        "http_req_failed": {
            "passes": 1,
            "fails": 323639,
            "value": 0.000003089852923000865
        },
        "http_reqs": {
            "count": 323640,
            "rate": 178.97111882768024
        },
        "group_duration": {
            "min": 138.8078,
            "med": 2574.889,
            "max": 23469.2929,
            "p(90)": 5033.24033,
            "p(95)": 6342.001149999995,
            "avg": 2801.3185301903936
        },
        "http_req_tls_handshaking": {
            "avg": 0,
            "min": 0,
            "med": 0,
            "max": 0,
            "p(90)": 0,
            "p(95)": 0
        },
        "http_req_connecting": {
            "avg": 0.4485306698801139,
            "min": 0,
            "med": 0,
            "max": 1221.3158,
            "p(90)": 0,
            "p(95)": 0
        },
        "data_sent": {
            "count": 27833642,
            "rate": 15391.849121830155
        },
        "http_req_receiving": {
            "avg": 0.13730393029291527,
            "min": 0,
            "med": 0.1201,
            "max": 474.2694,
            "p(90)": 0.1983,
            "p(95)": 0.2324
        },
        "vus_max": {
            "value": 1000,
            "min": 1000,
            "max": 1000
        }
    },
    "root_group": {
        "groups": {
            "front page": {
                "groups": {},
                "checks": {
                        "status is 200": {
                            "name": "status is 200",
                            "path": "::front page::status is 200",
                            "id": "9699ab7999ce9b2e054454d0c4409892",
                            "passes": 323639,
                            "fails": 1
                        }
                    },
                "name": "front page",
                "path": "::front page",
                "id": "2a862ab29180e3b7d967a30f33eabbc6"
            }
        },
        "checks": {},
        "name": "",
        "path": "",
        "id": "d41d8cd98f00b204e9800998ecf8427e"
    }
}