{
    "root_group": {
        "name": "",
        "path": "",
        "id": "d41d8cd98f00b204e9800998ecf8427e",
        "groups": {
            "front page": {
                "name": "front page",
                "path": "::front page",
                "id": "2a862ab29180e3b7d967a30f33eabbc6",
                "groups": {},
                "checks": {
                        "status is 200": {
                            "name": "status is 200",
                            "path": "::front page::status is 200",
                            "id": "9699ab7999ce9b2e054454d0c4409892",
                            "passes": 1697,
                            "fails": 2019
                        }
                    }
            }
        },
        "checks": {}
    },
    "metrics": {
        "http_req_tls_handshaking": {
            "avg": 0,
            "min": 0,
            "med": 0,
            "max": 0,
            "p(90)": 0,
            "p(95)": 0
        },
        "vus": {
            "max": 1049,
            "value": 2,
            "min": 2
        },
        "data_sent": {
            "count": 146028,
            "rate": 7360.071843107389
        },
        "vus_max": {
            "max": 1050,
            "value": 1050,
            "min": 1050
        },
        "http_reqs": {
            "count": 3716,
            "rate": 187.29303263063971
        },
        "iteration_duration": {
            "p(95)": 9388.37405,
            "avg": 2585.1284070775077,
            "min": 0.098,
            "med": 11.02215,
            "max": 14590.3419,
            "p(90)": 7859.4303500000005
        },
        "http_req_waiting": {
            "p(95)": 5536.53545,
            "avg": 1562.0796931916068,
            "min": 0,
            "med": 0,
            "max": 8456.7315,
            "p(90)": 4693.937900000001
        },
        "http_req_receiving": {
            "avg": 980.6466289827783,
            "min": 0,
            "med": 0,
            "max": 12206.1436,
            "p(90)": 4405.389499999999,
            "p(95)": 6278.897150000001
        },
        "checks": {
            "fails": 2019,
            "passes": 1697,
            "value": 0.4566738428417653
        },
        "http_req_failed": {
            "passes": 2019,
            "fails": 1697,
            "value": 0.5433261571582346
        },
        "http_req_duration": {
            "min": 0,
            "med": 0,
            "max": 14452.5613,
            "p(90)": 7717.1002,
            "p(95)": 9211.603075,
            "avg": 2542.7724964747003
        },
        "data_received": {
            "count": 430267711,
            "rate": 21686260.612549424
        },
        "http_req_duration{expected_response:true}": {
            "avg": 5566.324511726569,
            "min": 298.7441,
            "med": 5352.0766,
            "max": 14452.5613,
            "p(90)": 9392.58884,
            "p(95)": 10805.249179999999
        },
        "http_req_connecting": {
            "med": 0,
            "max": 1211.4746,
            "p(90)": 135.62975,
            "p(95)": 137.04379999999998,
            "avg": 40.75138818622177,
            "min": 0
        },
        "http_req_blocked": {
            "p(95)": 137.20885,
            "avg": 40.79564808934335,
            "min": 0,
            "med": 0,
            "max": 1211.6239,
            "p(90)": 135.7936
        },
        "group_duration": {
            "avg": 2585.079125484387,
            "min": 0.0886,
            "med": 10.99795,
            "max": 14590.1981,
            "p(90)": 7859.4048999999995,
            "p(95)": 9388.301175
        },
        "http_req_sending": {
            "avg": 0.04617430032292788,
            "min": 0,
            "med": 0,
            "max": 3.9808,
            "p(90)": 0.14395,
            "p(95)": 0.182275
        },
        "iterations": {
            "count": 3716,
            "rate": 187.29303263063971
        }
    }
}