{
    "root_group": {
        "checks": {},
        "name": "",
        "path": "",
        "id": "d41d8cd98f00b204e9800998ecf8427e",
        "groups": {
                "front page": {
                    "path": "::front page",
                    "id": "2a862ab29180e3b7d967a30f33eabbc6",
                    "groups": {},
                    "checks": {
                            "status is 200": {
                                "name": "status is 200",
                                "path": "::front page::status is 200",
                                "id": "9699ab7999ce9b2e054454d0c4409892",
                                "passes": 2794,
                                "fails": 0
                            }
                        },
                    "name": "front page"
                }
            }
    },
    "metrics": {
        "http_req_connecting": {
            "avg": 0.24678099498926273,
            "min": 0,
            "med": 0,
            "max": 140.0216,
            "p(90)": 0,
            "p(95)": 0
        },
        "checks": {
            "passes": 2794,
            "fails": 0,
            "value": 1
        },
        "vus": {
            "value": 3,
            "min": 3,
            "max": 5
        },
        "data_sent": {
            "count": 240284,
            "rate": 2000.1254577536338
        },
        "http_req_duration{expected_response:true}": {
            "p(95)": 207.17348499999997,
            "avg": 171.40573214030056,
            "min": 153.6018,
            "med": 166.06875,
            "max": 1261.6662,
            "p(90)": 187.68462000000002
        },
        "http_req_blocked": {
            "p(95)": 0.01956999999999998,
            "avg": 0.25481284896205963,
            "min": 0.0031,
            "med": 0.0055,
            "max": 140.1251,
            "p(90)": 0.013370000000000028
        },
        "iterations": {
            "count": 2794,
            "rate": 23.257272764577138
        },
        "http_req_failed": {
            "passes": 0,
            "fails": 2794,
            "value": 0
        },
        "http_req_tls_handshaking": {
            "max": 0,
            "p(90)": 0,
            "p(95)": 0,
            "avg": 0,
            "min": 0,
            "med": 0
        },
        "http_req_sending": {
            "avg": 0.04779287759484606,
            "min": 0.0086,
            "med": 0.036,
            "max": 1.1349,
            "p(90)": 0.09494000000000005,
            "p(95)": 0.11230499999999997
        },
        "http_req_receiving": {
            "p(90)": 4.44854,
            "p(95)": 4.701544999999999,
            "avg": 2.441363528990692,
            "min": 0.043,
            "med": 0.2239,
            "max": 812.2997
        },
        "http_req_waiting": {
            "p(90)": 184.72659000000002,
            "p(95)": 204.75731,
            "avg": 168.9165757337151,
            "min": 153.4268,
            "med": 163.0564,
            "max": 469.0059
        },
        "iteration_duration": {
            "p(90)": 188.05781000000002,
            "p(95)": 207.386035,
            "avg": 171.92380390121673,
            "min": 153.8622,
            "med": 166.30525,
            "max": 1402.0622
        },
        "http_reqs": {
            "count": 2794,
            "rate": 23.257272764577138
        },
        "http_req_duration": {
            "p(90)": 187.68462000000002,
            "p(95)": 207.17348499999997,
            "avg": 171.40573214030056,
            "min": 153.6018,
            "med": 166.06875,
            "max": 1261.6662
        },
        "group_duration": {
            "avg": 171.89292093772391,
            "min": 153.8287,
            "med": 166.28015,
            "max": 1402.0276,
            "p(90)": 187.99389000000002,
            "p(95)": 207.36812999999998
        },
        "vus_max": {
            "value": 5,
            "min": 5,
            "max": 5
        },
        "data_received": {
            "rate": 4761924.742293831,
            "count": 572071277
        }
    }
}