{
    "metrics": {
        "http_req_sending": {
            "avg": 0.03932605284888523,
            "min": 0,
            "med": 0.0354,
            "max": 0.9176,
            "p(90)": 0.0726,
            "p(95)": 0.083
        },
        "http_req_duration{expected_response:true}": {
            "min": 153.3691,
            "med": 249.9412,
            "max": 4578.3425,
            "p(90)": 589.8945400000001,
            "p(95)": 753.8494799999999,
            "avg": 334.67399892595284
        },
        "http_req_waiting": {
            "min": 0,
            "med": 199.3461,
            "max": 2294.8957,
            "p(90)": 451.2677800000001,
            "p(95)": 571.2915549999999,
            "avg": 261.3272684454983
        },
        "data_sent": {
            "count": 833082,
            "rate": 6878.344834635097
        },
        "http_reqs": {
            "count": 9688,
            "rate": 79.98901039506895
        },
        "vus": {
            "max": 49,
            "value": 1,
            "min": 1
        },
        "vus_max": {
            "value": 50,
            "min": 50,
            "max": 50
        },
        "checks": {
            "passes": 9683,
            "fails": 5,
            "value": 0.9994838976052849
        },
        "iteration_duration": {
            "med": 251.6498,
            "max": 4578.5278,
            "p(90)": 590.2002500000006,
            "p(95)": 754.102055,
            "avg": 335.57838602394634,
            "min": 135.7299
        },
        "http_req_duration": {
            "med": 249.9889,
            "max": 4578.3425,
            "p(90)": 589.8378900000001,
            "p(95)": 753.7439299999999,
            "avg": 334.6510652043767,
            "min": 0
        },
        "http_req_tls_handshaking": {
            "p(90)": 0,
            "p(95)": 0,
            "avg": 0,
            "min": 0,
            "med": 0,
            "max": 0
        },
        "http_req_connecting": {
            "p(95)": 0,
            "avg": 0.6857498554913296,
            "min": 0,
            "med": 0,
            "max": 140.5879,
            "p(90)": 0
        },
        "http_req_failed": {
            "passes": 5,
            "fails": 9683,
            "value": 0.0005161023947151115
        },
        "group_duration": {
            "med": 251.61945,
            "max": 4578.5131,
            "p(90)": 590.1800800000005,
            "p(95)": 754.075045,
            "avg": 335.55255796862065,
            "min": 135.6838
        },
        "http_req_blocked": {
            "p(95)": 0.0208,
            "avg": 0.6927279624277571,
            "min": 0,
            "med": 0.0047,
            "max": 140.76,
            "p(90)": 0.0089
        },
        "data_received": {
            "rate": 28549708.53558486,
            "count": 3457844708
        },
        "iterations": {
            "count": 9688,
            "rate": 79.98901039506895
        },
        "http_req_receiving": {
            "max": 3946.2198,
            "p(90)": 139.37462000000002,
            "p(95)": 268.29605499999997,
            "avg": 73.28447070602849,
            "min": 0,
            "med": 4.3359000000000005
        }
    },
    "root_group": {
        "path": "",
        "id": "d41d8cd98f00b204e9800998ecf8427e",
        "groups": {
            "front page": {
                "checks": {
                    "status is 200": {
                        "name": "status is 200",
                        "path": "::front page::status is 200",
                        "id": "9699ab7999ce9b2e054454d0c4409892",
                        "passes": 9683,
                        "fails": 5
                    }
                },
                "name": "front page",
                "path": "::front page",
                "id": "2a862ab29180e3b7d967a30f33eabbc6",
                "groups": {}
            }
        },
        "checks": {},
        "name": ""
    }
}