{
    "root_group": {
        "groups": {
            "front page": {
                "groups": {},
                "checks": {
                        "status is 200": {
                            "name": "status is 200",
                            "path": "::front page::status is 200",
                            "id": "9699ab7999ce9b2e054454d0c4409892",
                            "passes": 2245,
                            "fails": 0
                        }
                    },
                "name": "front page",
                "path": "::front page",
                "id": "2a862ab29180e3b7d967a30f33eabbc6"
            }
        },
        "checks": {},
        "name": "",
        "path": "",
        "id": "d41d8cd98f00b204e9800998ecf8427e"
    },
    "metrics": {
        "http_req_duration{expected_response:true}": {
            "max": 2209.5845,
            "p(90)": 186.25702000000007,
            "p(95)": 245.61155999999997,
            "avg": 176.26226953229389,
            "min": 153.4232,
            "med": 160.3291
        },
        "checks": {
            "passes": 2245,
            "fails": 0,
            "value": 1
        },
        "iterations": {
            "count": 2245,
            "rate": 26.608824526386865
        },
        "http_req_duration": {
            "p(90)": 186.25702000000007,
            "p(95)": 245.61155999999997,
            "avg": 176.26226953229389,
            "min": 153.4232,
            "med": 160.3291,
            "max": 2209.5845
        },
        "http_req_sending": {
            "avg": 0.043979955456570095,
            "min": 0.0089,
            "med": 0.0351,
            "max": 0.3459,
            "p(90)": 0.08362000000000003,
            "p(95)": 0.1049
        },
        "group_duration": {
            "p(90)": 186.42922000000007,
            "p(95)": 245.83843999999996,
            "avg": 176.79521162583518,
            "min": 153.5918,
            "med": 160.561,
            "max": 2347.4944
        },
        "vus_max": {
            "max": 5,
            "value": 5,
            "min": 5
        },
        "http_req_receiving": {
            "max": 2011.5714,
            "p(90)": 4.2515600000000004,
            "p(95)": 4.483439999999999,
            "avg": 7.262854521158116,
            "min": 0.042,
            "med": 0.1503
        },
        "http_req_failed": {
            "passes": 0,
            "fails": 2245,
            "value": 0
        },
        "http_req_connecting": {
            "min": 0,
            "med": 0,
            "max": 138.4084,
            "p(90)": 0,
            "p(95)": 0,
            "avg": 0.305591714922049
        },
        "iteration_duration": {
            "avg": 176.8244938530072,
            "min": 153.6131,
            "med": 160.5925,
            "max": 2347.5608,
            "p(90)": 186.45322000000007,
            "p(95)": 245.87281999999996
        },
        "data_received": {
            "count": 216363888,
            "rate": 2564449.322778985
        },
        "http_reqs": {
            "count": 2245,
            "rate": 26.608824526386865
        },
        "http_req_blocked": {
            "p(95)": 0.0198,
            "avg": 0.3132483741648082,
            "min": 0.0031,
            "med": 0.0053,
            "max": 138.514,
            "p(90)": 0.013060000000000014
        },
        "vus": {
            "value": 4,
            "min": 4,
            "max": 5
        },
        "data_sent": {
            "count": 193414,
            "rate": 2292.4361634505967
        },
        "http_req_tls_handshaking": {
            "med": 0,
            "max": 0,
            "p(90)": 0,
            "p(95)": 0,
            "avg": 0,
            "min": 0
        },
        "http_req_waiting": {
            "p(90)": 180.63860000000003,
            "p(95)": 210.04131999999976,
            "avg": 168.95543505567963,
            "min": 153.3013,
            "med": 160.1117,
            "max": 736.2598
        }
    }
}