{
    "root_group": {
        "path": "",
        "id": "d41d8cd98f00b204e9800998ecf8427e",
        "groups": {
            "front page": {
                "name": "front page",
                "path": "::front page",
                "id": "2a862ab29180e3b7d967a30f33eabbc6",
                "groups": {},
                "checks": {
                        "status is 200": {
                            "fails": 8,
                            "name": "status is 200",
                            "path": "::front page::status is 200",
                            "id": "9699ab7999ce9b2e054454d0c4409892",
                            "passes": 198659
                        }
                    }
            }
        },
        "checks": {},
        "name": ""
    },
    "metrics": {
        "http_req_connecting": {
            "med": 0,
            "max": 1205.1463,
            "p(90)": 0,
            "p(95)": 0,
            "avg": 0.5785883196504705,
            "min": 0
        },
        "http_req_duration": {
            "avg": 2409.3197169605355,
            "min": 0,
            "med": 2209.7723,
            "max": 15828.6293,
            "p(90)": 4718.50358,
            "p(95)": 5348.416229999996
        },
        "checks": {
            "passes": 198659,
            "fails": 8,
            "value": 0.9999597316111886
        },
        "data_received": {
            "count": 794749674,
            "rate": 664137.3129693775
        },
        "http_req_tls_handshaking": {
            "avg": 0,
            "min": 0,
            "med": 0,
            "max": 0,
            "p(90)": 0,
            "p(95)": 0
        },
        "data_sent": {
            "count": 17153904,
            "rate": 14334.76235624685
        },
        "http_req_duration{expected_response:true}": {
            "p(90)": 4718.426,
            "p(95)": 5348.203269999999,
            "avg": 2409.2683247987698,
            "min": 150.7126,
            "med": 2209.7853,
            "max": 15828.6293
        },
        "iterations": {
            "count": 198667,
            "rate": 166.0172654008378
        },
        "vus_max": {
            "max": 1200,
            "value": 1200,
            "min": 1200
        },
        "http_reqs": {
            "count": 198667,
            "rate": 166.0172654008378
        },
        "http_req_sending": {
            "min": 0,
            "med": 0.0317,
            "max": 7.3501,
            "p(90)": 0.0728,
            "p(95)": 0.0829,
            "avg": 0.037199554027597816
        },
        "http_req_receiving": {
            "med": 0.1231,
            "max": 2523.3755,
            "p(90)": 0.2005,
            "p(95)": 0.2399,
            "avg": 3.0592246155627367,
            "min": 0
        },
        "iteration_duration": {
            "max": 15828.8717,
            "p(90)": 4719.29992,
            "p(95)": 5350.175159999998,
            "avg": 2410.1101734047534,
            "min": 136.7546,
            "med": 2210.3837
        },
        "http_req_failed": {
            "passes": 8,
            "fails": 198659,
            "value": 0.00004026838881142817
        },
        "http_req_waiting": {
            "avg": 2406.2232927909363,
            "min": 0,
            "med": 2209.5753,
            "max": 15828.4135,
            "p(90)": 4680.696959999999,
            "p(95)": 5342.0353099999975
        },
        "group_duration": {
            "min": 136.7131,
            "med": 2210.3664,
            "max": 15828.8307,
            "p(90)": 4719.27734,
            "p(95)": 5350.148189999999,
            "avg": 2410.0846287350537
        },
        "vus": {
            "max": 799,
            "value": 799,
            "min": 5
        },
        "http_req_blocked": {
            "min": 0,
            "med": 0.0046,
            "max": 1205.3211,
            "p(90)": 0.0083,
            "p(95)": 0.0198,
            "avg": 0.585250509143517
        }
    }
}