{
    "root_group": {
        "name": "",
        "path": "",
        "id": "d41d8cd98f00b204e9800998ecf8427e",
        "groups": {
            "front page": {
                "name": "front page",
                "path": "::front page",
                "id": "2a862ab29180e3b7d967a30f33eabbc6",
                "groups": {},
                "checks": {
                        "status is 200": {
                            "fails": 1139514,
                            "name": "status is 200",
                            "path": "::front page::status is 200",
                            "id": "9699ab7999ce9b2e054454d0c4409892",
                            "passes": 325041
                        }
                    }
            }
        },
        "checks": {}
    },
    "metrics": {
        "http_req_connecting": {
            "avg": 0.10091224392392233,
            "min": 0,
            "med": 0,
            "max": 1215.6464,
            "p(90)": 0,
            "p(95)": 0
        },
        "checks": {
            "passes": 325041,
            "fails": 1139514,
            "value": 0.22193840449829472
        },
        "group_duration": {
            "min": 0.096,
            "med": 26.4081,
            "max": 25534.6828,
            "p(90)": 3265.60386,
            "p(95)": 4389.20852,
            "avg": 741.9485114377512
        },
        "http_req_duration": {
            "max": 25534.5478,
            "p(90)": 3265.197520000002,
            "p(95)": 4387.96705,
            "avg": 724.4556086369623,
            "min": 0,
            "med": 0
        },
        "http_req_waiting": {
            "p(90)": 3265.0343600000015,
            "p(95)": 4387.7860500000015,
            "avg": 724.4118462495468,
            "min": 0,
            "med": 0,
            "max": 25534.4325
        },
        "iterations": {
            "count": 1464555,
            "rate": 809.4597405535594
        },
        "http_reqs": {
            "count": 1464555,
            "rate": 809.4597405535594
        },
        "data_sent": {
            "count": 27954816,
            "rate": 15450.630469038371
        },
        "vus_max": {
            "value": 1200,
            "min": 1200,
            "max": 1200
        },
        "vus": {
            "value": 7,
            "min": 5,
            "max": 1200
        },
        "http_req_receiving": {
            "p(90)": 0.1244,
            "p(95)": 0.159,
            "avg": 0.03068430000921819,
            "min": 0,
            "med": 0,
            "max": 200.3171
        },
        "http_req_sending": {
            "avg": 0.0130780874053875,
            "min": 0,
            "med": 0,
            "max": 1003.9724,
            "p(90)": 0.0357,
            "p(95)": 0.0506
        },
        "http_req_tls_handshaking": {
            "avg": 0,
            "min": 0,
            "med": 0,
            "max": 0,
            "p(90)": 0,
            "p(95)": 0
        },
        "iteration_duration": {
            "max": 25534.7093,
            "p(90)": 3265.629900000001,
            "p(95)": 4389.3668800000005,
            "avg": 742.0070052792182,
            "min": 0.106,
            "med": 26.4362
        },
        "http_req_blocked": {
            "p(95)": 0.0059,
            "avg": 0.10370732208758746,
            "min": 0,
            "med": 0,
            "max": 1215.8597,
            "p(90)": 0.0048
        },
        "http_req_failed": {
            "passes": 1139514,
            "fails": 325041,
            "value": 0.7780615955017053
        },
        "data_received": {
            "count": 1143494307,
            "rate": 632009.4534303541
        },
        "http_req_duration{expected_response:true}": {
            "max": 25534.5478,
            "p(90)": 6160.3897,
            "p(95)": 8293.109,
            "avg": 3264.218604746805,
            "min": 148.8953,
            "med": 2992.9011
        }
    }
}