{
    "metrics": {
        "http_req_tls_handshaking": {
            "max": 0,
            "p(90)": 0,
            "p(95)": 0,
            "avg": 0,
            "min": 0,
            "med": 0
        },
        "http_req_failed": {
            "fails": 1128,
            "passes": 0,
            "value": 0
        },
        "http_req_waiting": {
            "avg": 438.5592854609925,
            "min": 149.9436,
            "med": 327.5539,
            "max": 1473.7166,
            "p(90)": 828.2331100000001,
            "p(95)": 977.1138199999999
        },
        "http_req_blocked": {
            "min": 0.0029,
            "med": 0.0048,
            "max": 145.7445,
            "p(90)": 0.024350000000000035,
            "p(95)": 134.66282,
            "avg": 11.90156276595746
        },
        "http_reqs": {
            "rate": 101.94889778961414,
            "count": 1128
        },
        "http_req_duration{expected_response:true}": {
            "max": 2465.5619,
            "p(90)": 948.4242100000002,
            "p(95)": 1097.330415,
            "avg": 481.99218803191513,
            "min": 150.0636,
            "med": 353.03575
        },
        "iterations": {
            "count": 1128,
            "rate": 101.94889778961414
        },
        "http_req_connecting": {
            "avg": 11.881877393617023,
            "min": 0,
            "med": 0,
            "max": 145.5945,
            "p(90)": 0,
            "p(95)": 134.51441499999999
        },
        "iteration_duration": {
            "avg": 494.1056595744679,
            "min": 150.2162,
            "med": 379.89300000000003,
            "max": 2602.7127,
            "p(90)": 963.01562,
            "p(95)": 1141.8599849999987
        },
        "http_req_receiving": {
            "max": 2294.4831,
            "p(90)": 133.94673,
            "p(95)": 263.49096,
            "avg": 43.381629964539,
            "min": 0.035,
            "med": 0.1378
        },
        "vus_max": {
            "value": 100,
            "min": 100,
            "max": 100
        },
        "http_req_sending": {
            "max": 7.0752,
            "p(90)": 0.08783,
            "p(95)": 0.12452999999999997,
            "avg": 0.051272606382978744,
            "min": 0.008,
            "med": 0.0348
        },
        "http_req_duration": {
            "avg": 481.99218803191513,
            "min": 150.0636,
            "med": 353.03575,
            "max": 2465.5619,
            "p(90)": 948.4242100000002,
            "p(95)": 1097.330415
        },
        "checks": {
            "passes": 1128,
            "fails": 0,
            "value": 1
        },
        "group_duration": {
            "p(95)": 1141.8392099999987,
            "avg": 494.07584627659577,
            "min": 150.1967,
            "med": 379.86935,
            "max": 2602.6482,
            "p(90)": 962.99471
        },
        "vus": {
            "value": 2,
            "min": 2,
            "max": 99
        },
        "data_sent": {
            "count": 97008,
            "rate": 8767.605209906815
        },
        "data_received": {
            "count": 86238197,
            "rate": 7794227.953469511
        }
    },
    "root_group": {
        "name": "",
        "path": "",
        "id": "d41d8cd98f00b204e9800998ecf8427e",
        "groups": {
            "front page": {
                "path": "::front page",
                "id": "2a862ab29180e3b7d967a30f33eabbc6",
                "groups": {},
                "checks": {
                        "status is 200": {
                            "path": "::front page::status is 200",
                            "id": "9699ab7999ce9b2e054454d0c4409892",
                            "passes": 1128,
                            "fails": 0,
                            "name": "status is 200"
                        }
                    },
                "name": "front page"
            }
        },
        "checks": {}
    }
}