{
    "metrics": {
        "vus": {
            "value": 8,
            "min": 6,
            "max": 999
        },
        "data_received": {
            "count": 22475998587,
            "rate": 36802919.654658474
        },
        "iteration_duration": {
            "avg": 3693.886782364948,
            "min": 149.1779,
            "med": 3263.106,
            "max": 50064.6442,
            "p(90)": 7023.507060000001,
            "p(95)": 8172.985689999996
        },
        "http_reqs": {
            "count": 82563,
            "rate": 135.1912994515427
        },
        "http_req_sending": {
            "max": 30470.7726,
            "p(90)": 0.0712,
            "p(95)": 0.0824,
            "avg": 3.248663705291699,
            "min": 0.0073,
            "med": 0.0387
        },
        "group_duration": {
            "p(95)": 8172.966579999996,
            "avg": 3693.860709499412,
            "min": 149.1478,
            "med": 3263.0819,
            "max": 50064.6219,
            "p(90)": 7023.48626
        },
        "http_req_tls_handshaking": {
            "med": 0,
            "max": 0,
            "p(90)": 0,
            "p(95)": 0,
            "avg": 0,
            "min": 0
        },
        "http_req_waiting": {
            "min": 148.7668,
            "med": 2610.5448,
            "max": 20894.8342,
            "p(90)": 5996.095,
            "p(95)": 7000.306049999996,
            "avg": 3006.7017933105576
        },
        "http_req_duration{expected_response:true}": {
            "min": 148.9661,
            "med": 3262.1212,
            "max": 50064.4347,
            "p(90)": 7020.820460000001,
            "p(95)": 8169.191979999997,
            "avg": 3691.6699938810907
        },
        "vus_max": {
            "value": 1000,
            "min": 1000,
            "max": 1000
        },
        "http_req_connecting": {
            "min": 0,
            "med": 0,
            "max": 1244.783,
            "p(90)": 0,
            "p(95)": 0,
            "avg": 1.9899768370819837
        },
        "data_sent": {
            "count": 7118048,
            "rate": 11655.319679256503
        },
        "http_req_receiving": {
            "max": 23542.9324,
            "p(90)": 1452.8050800000003,
            "p(95)": 2773.4380699999983,
            "avg": 681.7195368651775,
            "min": 0.0295,
            "med": 271.767
        },
        "http_req_failed": {
            "passes": 0,
            "fails": 82563,
            "value": 0
        },
        "iterations": {
            "count": 82563,
            "rate": 135.1912994515427
        },
        "http_req_blocked": {
            "med": 0.0048,
            "max": 1244.9002,
            "p(90)": 0.0083,
            "p(95)": 0.0188,
            "avg": 2.396564547072993,
            "min": 0.0027
        },
        "checks": {
            "fails": 0,
            "passes": 82563,
            "value": 1
        },
        "http_req_duration": {
            "avg": 3691.6699938810907,
            "min": 148.9661,
            "med": 3262.1212,
            "max": 50064.4347,
            "p(90)": 7020.820460000001,
            "p(95)": 8169.191979999997
        }
    },
    "root_group": {
        "id": "d41d8cd98f00b204e9800998ecf8427e",
        "groups": {
            "front page": {
                "name": "front page",
                "path": "::front page",
                "id": "2a862ab29180e3b7d967a30f33eabbc6",
                "groups": {},
                "checks": {
                        "status is 200": {
                            "fails": 0,
                            "name": "status is 200",
                            "path": "::front page::status is 200",
                            "id": "9699ab7999ce9b2e054454d0c4409892",
                            "passes": 82563
                        }
                    }
            }
        },
        "checks": {},
        "name": "",
        "path": ""
    }
}