{
    "root_group": {
        "checks": {},
        "name": "",
        "path": "",
        "id": "d41d8cd98f00b204e9800998ecf8427e",
        "groups": {
                "front page": {
                    "name": "front page",
                    "path": "::front page",
                    "id": "2a862ab29180e3b7d967a30f33eabbc6",
                    "groups": {},
                    "checks": {
                            "status is 200": {
                                "fails": 0,
                                "name": "status is 200",
                                "path": "::front page::status is 200",
                                "id": "9699ab7999ce9b2e054454d0c4409892",
                                "passes": 12113
                            }
                        }
                }
            }
    },
    "metrics": {
        "data_received": {
            "count": 5052985488,
            "rate": 40758554.84333189
        },
        "http_req_blocked": {
            "avg": 1.2458756460001608,
            "min": 0.0029,
            "med": 0.0048,
            "max": 1205.0637,
            "p(90)": 0.0082,
            "p(95)": 0.017939999999999963
        },
        "data_sent": {
            "count": 1041718,
            "rate": 8402.739397356054
        },
        "http_req_receiving": {
            "avg": 202.41062939816678,
            "min": 0.0377,
            "med": 132.7655,
            "max": 10737.5972,
            "p(90)": 528.0370600000001,
            "p(95)": 798.8215399999999
        },
        "vus": {
            "min": 1,
            "max": 99,
            "value": 1
        },
        "http_req_duration{expected_response:true}": {
            "avg": 518.1240489308991,
            "min": 153.0572,
            "med": 338.8176,
            "max": 10980.439,
            "p(90)": 1015.5058200000001,
            "p(95)": 1360.5022799999995
        },
        "http_req_waiting": {
            "min": 152.1908,
            "med": 240.6577,
            "max": 2177.3772,
            "p(90)": 576.1592800000002,
            "p(95)": 683.8511,
            "avg": 315.6718788656823
        },
        "http_req_failed": {
            "passes": 0,
            "fails": 12113,
            "value": 0
        },
        "iteration_duration": {
            "min": 153.2531,
            "med": 339.2029,
            "max": 10980.6391,
            "p(90)": 1021.8104400000007,
            "p(95)": 1365.54946,
            "avg": 519.591830826385
        },
        "http_reqs": {
            "count": 12113,
            "rate": 97.7062720622797
        },
        "http_req_duration": {
            "avg": 518.1240489308991,
            "min": 153.0572,
            "med": 338.8176,
            "max": 10980.439,
            "p(90)": 1015.5058200000001,
            "p(95)": 1360.5022799999995
        },
        "iterations": {
            "count": 12113,
            "rate": 97.7062720622797
        },
        "http_req_sending": {
            "p(90)": 0.0711,
            "p(95)": 0.0815,
            "avg": 0.041540667051927604,
            "min": 0.008,
            "med": 0.0391,
            "max": 0.9538
        },
        "http_req_connecting": {
            "p(95)": 0,
            "avg": 1.2386755221662686,
            "min": 0,
            "med": 0,
            "max": 1204.8845,
            "p(90)": 0
        },
        "checks": {
            "passes": 12113,
            "fails": 0,
            "value": 1
        },
        "group_duration": {
            "p(95)": 1365.52476,
            "avg": 519.5663088417425,
            "min": 153.2344,
            "med": 339.184,
            "max": 10980.6131,
            "p(90)": 1021.7852000000006
        },
        "vus_max": {
            "value": 100,
            "min": 100,
            "max": 100
        },
        "http_req_tls_handshaking": {
            "min": 0,
            "med": 0,
            "max": 0,
            "p(90)": 0,
            "p(95)": 0,
            "avg": 0
        }
    }
}