{
    "root_group": {
        "checks": {},
        "name": "",
        "path": "",
        "id": "d41d8cd98f00b204e9800998ecf8427e",
        "groups": {
                "front page": {
                    "checks": {
                        "status is 200": {
                            "name": "status is 200",
                            "path": "::front page::status is 200",
                            "id": "9699ab7999ce9b2e054454d0c4409892",
                            "passes": 2242,
                            "fails": 0
                        }
                    },
                    "name": "front page",
                    "path": "::front page",
                    "id": "2a862ab29180e3b7d967a30f33eabbc6",
                    "groups": {}
                }
            }
    },
    "metrics": {
        "http_req_connecting": {
            "p(95)": 137.57313499999998,
            "avg": 63.51371507582519,
            "min": 0,
            "med": 0,
            "max": 1197.6517,
            "p(90)": 136.456
        },
        "checks": {
            "passes": 2242,
            "fails": 0,
            "value": 1
        },
        "http_req_duration": {
            "p(95)": 7871.580505,
            "avg": 3679.991586574488,
            "min": 161.0811,
            "med": 3347.46325,
            "max": 13012.0288,
            "p(90)": 6891.42817
        },
        "iterations": {
            "count": 2242,
            "rate": 109.20666018005734
        },
        "vus_max": {
            "value": 1000,
            "min": 1000,
            "max": 1000
        },
        "http_req_failed": {
            "fails": 2242,
            "passes": 0,
            "value": 0
        },
        "http_req_tls_handshaking": {
            "med": 0,
            "max": 0,
            "p(90)": 0,
            "p(95)": 0,
            "avg": 0,
            "min": 0
        },
        "iteration_duration": {
            "avg": 3743.824511150754,
            "min": 161.3483,
            "med": 3423.9427,
            "max": 13149.5759,
            "p(90)": 7019.3527300000005,
            "p(95)": 8022.062049999997
        },
        "http_req_sending": {
            "p(95)": 0.193595,
            "avg": 11.87421699375558,
            "min": 0.0082,
            "med": 0.06284999999999999,
            "max": 5476.2857,
            "p(90)": 0.16249000000000002
        },
        "http_req_waiting": {
            "p(90)": 6264.3381,
            "p(95)": 6854.5855249999995,
            "avg": 3111.7260265388177,
            "min": 158.1797,
            "med": 2724.43135,
            "max": 9019.545
        },
        "http_req_blocked": {
            "avg": 63.881872479928646,
            "min": 0.0029,
            "med": 0.0088,
            "max": 1197.7572,
            "p(90)": 136.63222,
            "p(95)": 137.7344
        },
        "vus": {
            "value": 1,
            "min": 1,
            "max": 999
        },
        "http_reqs": {
            "count": 2242,
            "rate": 109.20666018005734
        },
        "http_req_duration{expected_response:true}": {
            "med": 3347.46325,
            "max": 13012.0288,
            "p(90)": 6891.42817,
            "p(95)": 7871.580505,
            "avg": 3679.991586574488,
            "min": 161.0811
        },
        "http_req_receiving": {
            "avg": 556.3913430419258,
            "min": 0.0323,
            "med": 0.16505,
            "max": 10165.9359,
            "p(90)": 1750.8151800000005,
            "p(95)": 4011.4708699999974
        },
        "group_duration": {
            "avg": 3743.7808203389827,
            "min": 161.3194,
            "med": 3423.8974,
            "max": 13149.4414,
            "p(90)": 7019.27601,
            "p(95)": 8022.0071199999975
        },
        "data_sent": {
            "count": 193242,
            "rate": 9412.717853039536
        },
        "data_received": {
            "count": 259110621,
            "rate": 12621144.307132306
        }
    }
}